"scenario","n","p","jols_fit_xy_median_sec","lm_median_sec","feols_median_sec","lm_over_jols_fit_xy","feols_over_jols_fit_xy"
"n=500, p=8",500,8,0.000199999999999889,0.000799999999999912,0.00329999999999995,4.00000000000178,16.5000000000089
"n=1000, p=8",1000,8,0.000199999999999889,0.000800000000000267,0.00330000000000012,4.00000000000355,16.5000000000098
"n=5000, p=8",5000,8,0.000600000000000023,0.00159999999999982,0.00399999999999992,2.66666666666627,6.66666666666627
"n=10000, p=8",10000,8,0.000800000000000267,0.00289999999999964,0.00480000000000018,3.62499999999833,5.99999999999822
